Campaign,Ad Group,Headline 1,Headline 2,Headline 3,Description 1,Description 2,Final URL
SEM_Cars,Ford,Buy Used Ford,Find Your Dream Car,Enjoy Special Financing Deals,Select From The Largest Collection Of Certified Fords,Book Your Free No-Questions-Asked Test Drive Today,www.mycarsite.com/Ford
SEM_Cars,Chevrolet,Buy Used Chevrolet,Find Your Dream Car,Enjoy Special Financing Deals,Select From The Largest Collection Of Certified Chevrolets,Book Your Free No-Questions-Asked Test Drive Today,www.mycarsite.com/Chevrolet
SEM_Cars,Volkswagen,Buy Used Volkswagen,Find Your Dream Car,Enjoy Special Financing Deals,Select From The Largest Collection Of Certified Volkswagens,Book Your Free No-Questions-Asked Test Drive Today,www.mycarsite.com/Volkswagen
SEM_Cars,Honda,Buy Used Honda,Find Your Dream Car,Enjoy Special Financing Deals,Select From The Largest Collection Of Certified Hondas,Book Your Free No-Questions-Asked Test Drive Today,www.mycarsite.com/Honda
SEM_Cars,Gmc,Buy Used Gmc,Find Your Dream Car,Enjoy Special Financing Deals,Select From The Largest Collection Of Certified Gmcs,Book Your Free No-Questions-Asked Test Drive Today,www.mycarsite.com/GMC
SEM_Cars,Mitsubishi,Buy Used Mitsubishi,Find Your Dream Car,Enjoy Special Financing Deals,Select From The Largest Collection Of Certified Mitsubishis,Book Your Free No-Questions-Asked Test Drive Today,www.mycarsite.com/Mitsubishi
SEM_Cars,Toyota,Buy Used Toyota,Find Your Dream Car,Enjoy Special Financing Deals,Select From The Largest Collection Of Certified Toyotas,Book Your Free No-Questions-Asked Test Drive Today,www.mycarsite.com/Toyota
SEM_Cars,Nissan,Buy Used Nissan,Find Your Dream Car,Enjoy Special Financing Deals,Select From The Largest Collection Of Certified Nissans,Book Your Free No-Questions-Asked Test Drive Today,www.mycarsite.com/Nissan
SEM_Cars,Dodge,Buy Used Dodge,Find Your Dream Car,Enjoy Special Financing Deals,Select From The Largest Collection Of Certified Dodges,Book Your Free No-Questions-Asked Test Drive Today,www.mycarsite.com/Dodge
SEM_Cars,Hyundai,Buy Used Hyundai,Find Your Dream Car,Enjoy Special Financing Deals,Select From The Largest Collection Of Certified Hyundais,Book Your Free No-Questions-Asked Test Drive Today,www.mycarsite.com/Hyundai
SEM_Cars,Buick,Buy Used Buick,Find Your Dream Car,Enjoy Special Financing Deals,Select From The Largest Collection Of Certified Buicks,Book Your Free No-Questions-Asked Test Drive Today,www.mycarsite.com/Buick
SEM_Cars,Pontiac,Buy Used Pontiac,Find Your Dream Car,Enjoy Special Financing Deals,Select From The Largest Collection Of Certified Pontiacs,Book Your Free No-Questions-Asked Test Drive Today,www.mycarsite.com/Pontiac
SEM_Cars,Subaru,Buy Used Subaru,Find Your Dream Car,Enjoy Special Financing Deals,Select From The Largest Collection Of Certified Subarus,Book Your Free No-Questions-Asked Test Drive Today,www.mycarsite.com/Subaru
SEM_Cars,Jeep,Buy Used Jeep,Find Your Dream Car,Enjoy Special Financing Deals,Select From The Largest Collection Of Certified Jeeps,Book Your Free No-Questions-Asked Test Drive Today,www.mycarsite.com/Jeep
SEM_Cars,Saab,Buy Used Saab,Find Your Dream Car,Enjoy Special Financing Deals,Select From The Largest Collection Of Certified Saabs,Book Your Free No-Questions-Asked Test Drive Today,www.mycarsite.com/Saab
SEM_Cars,Plymouth,Buy Used Plymouth,Find Your Dream Car,Enjoy Special Financing Deals,Select From The Largest Collection Of Certified Plymouths,Book Your Free No-Questions-Asked Test Drive Today,www.mycarsite.com/Plymouth
SEM_Cars,Audi,Buy Used Audi,Find Your Dream Car,Enjoy Special Financing Deals,Select From The Largest Collection Of Certified Audis,Book Your Free No-Questions-Asked Test Drive Today,www.mycarsite.com/Audi
SEM_Cars,Isuzu,Buy Used Isuzu,Find Your Dream Car,Enjoy Special Financing Deals,Select From The Largest Collection Of Certified Isuzus,Book Your Free No-Questions-Asked Test Drive Today,www.mycarsite.com/Isuzu
SEM_Cars,Eagle,Buy Used Eagle,Find Your Dream Car,Enjoy Special Financing Deals,Select From The Largest Collection Of Certified Eagles,Book Your Free No-Questions-Asked Test Drive Today,www.mycarsite.com/Eagle
SEM_Cars,Chrysler,Buy Used Chrysler,Find Your Dream Car,Enjoy Special Financing Deals,Select From The Largest Collection Of Certified Chryslers,Book Your Free No-Questions-Asked Test Drive Today,www.mycarsite.com/Chrysler
SEM_Cars,Ford F150 Pickup 2Wd,Buy Used Ford F150 Pickup 2wd,Find Your Dream Car,Enjoy Special Financing Deals,Select From The Largest Collection Of Certified Ford F150 Pickup 2wds,Book Your Free No-Questions-Asked Test Drive Today,www.mycarsite.com/Ford_F150_Pickup_2WD
SEM_Cars,Ford F150 Pickup 4Wd,Buy Used Ford F150 Pickup 4wd,Find Your Dream Car,Enjoy Special Financing Deals,Select From The Largest Collection Of Certified Ford F150 Pickup 4wds,Book Your Free No-Questions-Asked Test Drive Today,www.mycarsite.com/Ford_F150_Pickup_4WD
SEM_Cars,Ford Mustang,Buy Used Ford Mustang,Find Your Dream Car,Enjoy Special Financing Deals,Select From The Largest Collection Of Certified Ford Mustangs,Book Your Free No-Questions-Asked Test Drive Today,www.mycarsite.com/Ford_Mustang
SEM_Cars,Chevrolet Camaro,Buy Used Chevrolet Camaro,Find Your Dream Car,Enjoy Special Financing Deals,Select From The Largest Collection Of Certified Chevrolet Camaros,Book Your Free No-Questions-Asked Test Drive Today,www.mycarsite.com/Chevrolet_Camaro
SEM_Cars,Volkswagen Jetta,Buy Used Volkswagen Jetta,Find Your Dream Car,Enjoy Special Financing Deals,Select From The Largest Collection Of Certified Volkswagen Jettas,Book Your Free No-Questions-Asked Test Drive Today,www.mycarsite.com/Volkswagen_Jetta
SEM_Cars,Ford Ranger Pickup 2Wd,Buy Used Cars,Find Your Dream Car,Enjoy Special Financing Deals,Select From The Largest Collection Of Certified Ford Ranger Pickup 2wds,Book Your Free No-Questions-Asked Test Drive Today,www.mycarsite.com/Ford_Ranger_Pickup_2WD
SEM_Cars,Honda Civic,Buy Used Honda Civic,Find Your Dream Car,Enjoy Special Financing Deals,Select From The Largest Collection Of Certified Honda Civics,Book Your Free No-Questions-Asked Test Drive Today,www.mycarsite.com/Honda_Civic
SEM_Cars,Gmc Sierra 1500 2Wd,Buy Used Gmc Sierra 1500 2wd,Find Your Dream Car,Enjoy Special Financing Deals,Select From The Largest Collection Of Certified Gmc Sierra 1500 2wds,Book Your Free No-Questions-Asked Test Drive Today,www.mycarsite.com/GMC_Sierra_1500_2WD
SEM_Cars,Gmc Sierra 1500 4Wd,Buy Used Gmc Sierra 1500 4wd,Find Your Dream Car,Enjoy Special Financing Deals,Select From The Largest Collection Of Certified Gmc Sierra 1500 4wds,Book Your Free No-Questions-Asked Test Drive Today,www.mycarsite.com/GMC_Sierra_1500_4WD
SEM_Cars,Honda Accord,Buy Used Honda Accord,Find Your Dream Car,Enjoy Special Financing Deals,Select From The Largest Collection Of Certified Honda Accords,Book Your Free No-Questions-Asked Test Drive Today,www.mycarsite.com/Honda_Accord
SEM_Cars,Mitsubishi Eclipse,Buy Used Mitsubishi Eclipse,Find Your Dream Car,Enjoy Special Financing Deals,Select From The Largest Collection Of Certified Mitsubishi Eclipses,Book Your Free No-Questions-Asked Test Drive Today,www.mycarsite.com/Mitsubishi_Eclipse
SEM_Cars,Toyota Camry,Buy Used Toyota Camry,Find Your Dream Car,Enjoy Special Financing Deals,Select From The Largest Collection Of Certified Toyota Camrys,Book Your Free No-Questions-Asked Test Drive Today,www.mycarsite.com/Toyota_Camry
SEM_Cars,Toyota Corolla,Buy Used Toyota Corolla,Find Your Dream Car,Enjoy Special Financing Deals,Select From The Largest Collection Of Certified Toyota Corollas,Book Your Free No-Questions-Asked Test Drive Today,www.mycarsite.com/Toyota_Corolla
SEM_Cars,Nissan Sentra,Buy Used Nissan Sentra,Find Your Dream Car,Enjoy Special Financing Deals,Select From The Largest Collection Of Certified Nissan Sentras,Book Your Free No-Questions-Asked Test Drive Today,www.mycarsite.com/Nissan_Sentra
SEM_Cars,Chevrolet S10 Pickup 2Wd,Buy Used Cars,Find Your Dream Car,Enjoy Special Financing Deals,Select From The Largest Collection Of Certified Chevrolet S10 Pickup 2wds,Book Your Free No-Questions-Asked Test Drive Today,www.mycarsite.com/Chevrolet_S10_Pickup_2WD
SEM_Cars,Ford Ranger Pickup 4Wd,Buy Used Cars,Find Your Dream Car,Enjoy Special Financing Deals,Select From The Largest Collection Of Certified Ford Ranger Pickup 4wds,Book Your Free No-Questions-Asked Test Drive Today,www.mycarsite.com/Ford_Ranger_Pickup_4WD
SEM_Cars,Dodge D100,Buy Used Dodge D100,Find Your Dream Car,Enjoy Special Financing Deals,Select From The Largest Collection Of Certified Dodge D100s,Book Your Free No-Questions-Asked Test Drive Today,www.mycarsite.com/Dodge_D100
SEM_Cars,Dodge Dakota Pickup 2Wd,Buy Used Cars,Find Your Dream Car,Enjoy Special Financing Deals,Select From The Largest Collection Of Certified Dodge Dakota Pickup 2wds,Book Your Free No-Questions-Asked Test Drive Today,www.mycarsite.com/Dodge_Dakota_Pickup_2WD
SEM_Cars,Chevrolet C1500 Pickup 2Wd,Buy Used Cars,Find Your Dream Car,Enjoy Special Financing Deals,Select From The Largest Collection Of Certified Chevrolet C1500 Pickup 2wds,Book Your Free No-Questions-Asked Test Drive Today,www.mycarsite.com/Chevrolet_C1500_Pickup_2WD
SEM_Cars,Ford F250 Pickup 2Wd,Buy Used Ford F250 Pickup 2wd,Find Your Dream Car,Enjoy Special Financing Deals,Select From The Largest Collection Of Certified Ford F250 Pickup 2wds,Book Your Free No-Questions-Asked Test Drive Today,www.mycarsite.com/Ford_F250_Pickup_2WD
SEM_Cars,Ford E150 Econoline 2Wd,Buy Used Cars,Find Your Dream Car,Enjoy Special Financing Deals,Select From The Largest Collection Of Certified Ford E150 Econoline 2wds,Book Your Free No-Questions-Asked Test Drive Today,www.mycarsite.com/Ford_E150_Econoline_2WD
SEM_Cars,Chevrolet K1500 Pickup 4Wd,Buy Used Cars,Find Your Dream Car,Enjoy Special Financing Deals,Select From The Largest Collection Of Certified Chevrolet K1500 Pickup 4wds,Book Your Free No-Questions-Asked Test Drive Today,www.mycarsite.com/Chevrolet_K1500_Pickup_4WD
SEM_Cars,Chevrolet Cavalier,Buy Used Chevrolet Cavalier,Find Your Dream Car,Enjoy Special Financing Deals,Select From The Largest Collection Of Certified Chevrolet Cavaliers,Book Your Free No-Questions-Asked Test Drive Today,www.mycarsite.com/Chevrolet_Cavalier
SEM_Cars,Volkswagen Passat,Buy Used Volkswagen Passat,Find Your Dream Car,Enjoy Special Financing Deals,Select From The Largest Collection Of Certified Volkswagen Passats,Book Your Free No-Questions-Asked Test Drive Today,www.mycarsite.com/Volkswagen_Passat
SEM_Cars,Chevrolet Corvette,Buy Used Chevrolet Corvette,Find Your Dream Car,Enjoy Special Financing Deals,Select From The Largest Collection Of Certified Chevrolet Corvettes,Book Your Free No-Questions-Asked Test Drive Today,www.mycarsite.com/Chevrolet_Corvette
SEM_Cars,Dodge Ram 1500 Pickup 2Wd,Buy Used Cars,Find Your Dream Car,Enjoy Special Financing Deals,Select From The Largest Collection Of Certified Dodge Ram 1500 Pickup 2wds,Book Your Free No-Questions-Asked Test Drive Today,www.mycarsite.com/Dodge_Ram_1500_Pickup_2WD
SEM_Cars,Chevrolet G10,Buy Used Chevrolet G10,Find Your Dream Car,Enjoy Special Financing Deals,Select From The Largest Collection Of Certified Chevrolet G10s,Book Your Free No-Questions-Asked Test Drive Today,www.mycarsite.com/Chevrolet_G10
SEM_Cars,Toyota Tacoma 2Wd,Buy Used Toyota Tacoma 2wd,Find Your Dream Car,Enjoy Special Financing Deals,Select From The Largest Collection Of Certified Toyota Tacoma 2wds,Book Your Free No-Questions-Asked Test Drive Today,www.mycarsite.com/Toyota_Tacoma_2WD
SEM_Cars,Hyundai Sonata,Buy Used Hyundai Sonata,Find Your Dream Car,Enjoy Special Financing Deals,Select From The Largest Collection Of Certified Hyundai Sonatas,Book Your Free No-Questions-Asked Test Drive Today,www.mycarsite.com/Hyundai_Sonata
SEM_Cars,Mitsubishi Mirage,Buy Used Mitsubishi Mirage,Find Your Dream Car,Enjoy Special Financing Deals,Select From The Largest Collection Of Certified Mitsubishi Mirages,Book Your Free No-Questions-Asked Test Drive Today,www.mycarsite.com/Mitsubishi_Mirage
SEM_Cars,Toyota 4Runner 4Wd,Buy Used Toyota 4runner 4wd,Find Your Dream Car,Enjoy Special Financing Deals,Select From The Largest Collection Of Certified Toyota 4runner 4wds,Book Your Free No-Questions-Asked Test Drive Today,www.mycarsite.com/Toyota_4Runner_4WD
SEM_Cars,Toyota Celica,Buy Used Toyota Celica,Find Your Dream Car,Enjoy Special Financing Deals,Select From The Largest Collection Of Certified Toyota Celicas,Book Your Free No-Questions-Asked Test Drive Today,www.mycarsite.com/Toyota_Celica
SEM_Cars,Ford Escort,Buy Used Ford Escort,Find Your Dream Car,Enjoy Special Financing Deals,Select From The Largest Collection Of Certified Ford Escorts,Book Your Free No-Questions-Asked Test Drive Today,www.mycarsite.com/Ford_Escort
SEM_Cars,Dodge Dakota Pickup 4Wd,Buy Used Cars,Find Your Dream Car,Enjoy Special Financing Deals,Select From The Largest Collection Of Certified Dodge Dakota Pickup 4wds,Book Your Free No-Questions-Asked Test Drive Today,www.mycarsite.com/Dodge_Dakota_Pickup_4WD
SEM_Cars,Dodge Caravan,Buy Used Dodge Caravan,Find Your Dream Car,Enjoy Special Financing Deals,Select From The Largest Collection Of Certified Dodge Caravans,Book Your Free No-Questions-Asked Test Drive Today,www.mycarsite.com/Dodge_Caravan
SEM_Cars,Buick Regal,Buy Used Buick Regal,Find Your Dream Car,Enjoy Special Financing Deals,Select From The Largest Collection Of Certified Buick Regals,Book Your Free No-Questions-Asked Test Drive Today,www.mycarsite.com/Buick_Regal
SEM_Cars,Pontiac Grand Prix,Buy Used Pontiac Grand Prix,Find Your Dream Car,Enjoy Special Financing Deals,Select From The Largest Collection Of Certified Pontiac Grand Prixs,Book Your Free No-Questions-Asked Test Drive Today,www.mycarsite.com/Pontiac_Grand_Prix
SEM_Cars,Subaru Impreza Awd,Buy Used Subaru Impreza Awd,Find Your Dream Car,Enjoy Special Financing Deals,Select From The Largest Collection Of Certified Subaru Impreza Awds,Book Your Free No-Questions-Asked Test Drive Today,www.mycarsite.com/Subaru_Impreza_AWD
SEM_Cars,Ford Bronco 4Wd,Buy Used Ford Bronco 4wd,Find Your Dream Car,Enjoy Special Financing Deals,Select From The Largest Collection Of Certified Ford Bronco 4wds,Book Your Free No-Questions-Asked Test Drive Today,www.mycarsite.com/Ford_Bronco_4WD
SEM_Cars,Toyota Tacoma 4Wd,Buy Used Toyota Tacoma 4wd,Find Your Dream Car,Enjoy Special Financing Deals,Select From The Largest Collection Of Certified Toyota Tacoma 4wds,Book Your Free No-Questions-Asked Test Drive Today,www.mycarsite.com/Toyota_Tacoma_4WD
SEM_Cars,Dodge B150,Buy Used Dodge B150,Find Your Dream Car,Enjoy Special Financing Deals,Select From The Largest Collection Of Certified Dodge B150s,Book Your Free No-Questions-Asked Test Drive Today,www.mycarsite.com/Dodge_B150
SEM_Cars,Dodge B150,Buy Used Dodge B150,Find Your Dream Car,Enjoy Special Financing Deals,Select From The Largest Collection Of Certified Dodge B150s,Book Your Free No-Questions-Asked Test Drive Today,www.mycarsite.com/Dodge_B150
SEM_Cars,Pontiac Grand Am,Buy Used Pontiac Grand Am,Find Your Dream Car,Enjoy Special Financing Deals,Select From The Largest Collection Of Certified Pontiac Grand Ams,Book Your Free No-Questions-Asked Test Drive Today,www.mycarsite.com/Pontiac_Grand_Am
SEM_Cars,Toyota Truck 2Wd,Buy Used Toyota Truck 2wd,Find Your Dream Car,Enjoy Special Financing Deals,Select From The Largest Collection Of Certified Toyota Truck 2wds,Book Your Free No-Questions-Asked Test Drive Today,www.mycarsite.com/Toyota_Truck_2WD
SEM_Cars,Subaru Legacy Awd,Buy Used Subaru Legacy Awd,Find Your Dream Car,Enjoy Special Financing Deals,Select From The Largest Collection Of Certified Subaru Legacy Awds,Book Your Free No-Questions-Asked Test Drive Today,www.mycarsite.com/Subaru_Legacy_AWD
SEM_Cars,Ford E150 Club Wagon,Buy Used Ford E150 Club Wagon,Find Your Dream Car,Enjoy Special Financing Deals,Select From The Largest Collection Of Certified Ford E150 Club Wagons,Book Your Free No-Questions-Asked Test Drive Today,www.mycarsite.com/Ford_E150_Club_Wagon
SEM_Cars,Jeep Wrangler 4Wd,Buy Used Jeep Wrangler 4wd,Find Your Dream Car,Enjoy Special Financing Deals,Select From The Largest Collection Of Certified Jeep Wrangler 4wds,Book Your Free No-Questions-Asked Test Drive Today,www.mycarsite.com/Jeep_Wrangler_4WD
SEM_Cars,Saab 900,Buy Used Saab 900,Find Your Dream Car,Enjoy Special Financing Deals,Select From The Largest Collection Of Certified Saab 900s,Book Your Free No-Questions-Asked Test Drive Today,www.mycarsite.com/Saab_900
SEM_Cars,Plymouth Voyager,Buy Used Plymouth Voyager,Find Your Dream Car,Enjoy Special Financing Deals,Select From The Largest Collection Of Certified Plymouth Voyagers,Book Your Free No-Questions-Asked Test Drive Today,www.mycarsite.com/Plymouth_Voyager
SEM_Cars,Audi A4 Quattro,Buy Used Audi A4 Quattro,Find Your Dream Car,Enjoy Special Financing Deals,Select From The Largest Collection Of Certified Audi A4 Quattros,Book Your Free No-Questions-Asked Test Drive Today,www.mycarsite.com/Audi_A4_quattro
