Final URL,product
www.mycarsite.com/Ford,Ford
www.mycarsite.com/Chevrolet,Chevrolet
www.mycarsite.com/Volkswagen,Volkswagen
www.mycarsite.com/Honda,Honda
www.mycarsite.com/GMC,GMC
www.mycarsite.com/Mitsubishi,Mitsubishi
www.mycarsite.com/Toyota,Toyota
www.mycarsite.com/Nissan,Nissan
www.mycarsite.com/Dodge,Dodge
www.mycarsite.com/Hyundai,Hyundai
www.mycarsite.com/Buick,Buick
www.mycarsite.com/Pontiac,Pontiac
www.mycarsite.com/Subaru,Subaru
www.mycarsite.com/Jeep,Jeep
www.mycarsite.com/Saab,Saab
www.mycarsite.com/Plymouth,Plymouth
www.mycarsite.com/Audi,Audi
www.mycarsite.com/Isuzu,Isuzu
www.mycarsite.com/Eagle,Eagle
www.mycarsite.com/Chrysler,Chrysler
www.mycarsite.com/Ford_F150_Pickup_2WD,Ford F150 Pickup 2WD
www.mycarsite.com/Ford_F150_Pickup_4WD,Ford F150 Pickup 4WD
www.mycarsite.com/Ford_Mustang,Ford Mustang
www.mycarsite.com/Chevrolet_Camaro,Chevrolet Camaro
www.mycarsite.com/Volkswagen_Jetta,Volkswagen Jetta
www.mycarsite.com/Ford_Ranger_Pickup_2WD,Ford Ranger Pickup 2WD
www.mycarsite.com/Honda_Civic,Honda Civic
www.mycarsite.com/GMC_Sierra_1500_2WD,GMC Sierra 1500 2WD
www.mycarsite.com/GMC_Sierra_1500_4WD,GMC Sierra 1500 4WD
www.mycarsite.com/Honda_Accord,Honda Accord
www.mycarsite.com/Mitsubishi_Eclipse,Mitsubishi Eclipse
www.mycarsite.com/Toyota_Camry,Toyota Camry
www.mycarsite.com/Toyota_Corolla,Toyota Corolla
www.mycarsite.com/Nissan_Sentra,Nissan Sentra
www.mycarsite.com/Chevrolet_S10_Pickup_2WD,Chevrolet S10 Pickup 2WD
www.mycarsite.com/Ford_Ranger_Pickup_4WD,Ford Ranger Pickup 4WD
www.mycarsite.com/Dodge_D100,Dodge D100
www.mycarsite.com/Dodge_Dakota_Pickup_2WD,Dodge Dakota Pickup 2WD
www.mycarsite.com/Chevrolet_C1500_Pickup_2WD,Chevrolet C1500 Pickup 2WD
www.mycarsite.com/Ford_F250_Pickup_2WD,Ford F250 Pickup 2WD
www.mycarsite.com/Ford_E150_Econoline_2WD,Ford E150 Econoline 2WD
www.mycarsite.com/Chevrolet_K1500_Pickup_4WD,Chevrolet K1500 Pickup 4WD
www.mycarsite.com/Chevrolet_Cavalier,Chevrolet Cavalier
www.mycarsite.com/Volkswagen_Passat,Volkswagen Passat
www.mycarsite.com/Chevrolet_Corvette,Chevrolet Corvette
www.mycarsite.com/Dodge_Ram_1500_Pickup_2WD,Dodge Ram 1500 Pickup 2WD
www.mycarsite.com/Chevrolet_G10,Chevrolet G10
www.mycarsite.com/Toyota_Tacoma_2WD,Toyota Tacoma 2WD
www.mycarsite.com/Hyundai_Sonata,Hyundai Sonata
www.mycarsite.com/Mitsubishi_Mirage,Mitsubishi Mirage
www.mycarsite.com/Toyota_4Runner_4WD,Toyota 4Runner 4WD
www.mycarsite.com/Toyota_Celica,Toyota Celica
www.mycarsite.com/Ford_Escort,Ford Escort
www.mycarsite.com/Dodge_Dakota_Pickup_4WD,Dodge Dakota Pickup 4WD
www.mycarsite.com/Dodge_Caravan,Dodge Caravan
www.mycarsite.com/Buick_Regal,Buick Regal
www.mycarsite.com/Pontiac_Grand_Prix,Pontiac Grand Prix
www.mycarsite.com/Subaru_Impreza_AWD,Subaru Impreza AWD
www.mycarsite.com/Ford_Bronco_4WD,Ford Bronco 4WD
www.mycarsite.com/Toyota_Tacoma_4WD,Toyota Tacoma 4WD
www.mycarsite.com/Dodge_B150,Dodge B150
www.mycarsite.com/Dodge_B150,Dodge B150
www.mycarsite.com/Pontiac_Grand_Am,Pontiac Grand Am
www.mycarsite.com/Toyota_Truck_2WD,Toyota Truck 2WD
www.mycarsite.com/Subaru_Legacy_AWD,Subaru Legacy AWD
www.mycarsite.com/Ford_E150_Club_Wagon,Ford E150 Club Wagon
www.mycarsite.com/Jeep_Wrangler_4WD,Jeep Wrangler 4WD
www.mycarsite.com/Saab_900,Saab 900
www.mycarsite.com/Plymouth_Voyager,Plymouth Voyager
www.mycarsite.com/Audi_A4_quattro,Audi A4 quattro
